text,label
strategy routine [REDACTED] logged,0
The contact strategy [REDACTED] at sector [REDACTED],1
The liaison [REDACTED] update shared at sector 7,1
[REDACTED] liaison task assigned [REDACTED] sector [REDACTED],1
[REDACTED] mission summary [REDACTED],0
[REDACTED] commander coordination discussed [REDACTED] [REDACTED],1
Confidential strategy [REDACTED] [REDACTED] [REDACTED] rendezvous,1
Standard strategy update [REDACTED],0
strategy [REDACTED] [REDACTED] archived,0
[REDACTED] routine [REDACTED] logged,0
[REDACTED] [REDACTED] update recorded,0
coordination routine communication [REDACTED],0
The asset [REDACTED] finalized at safehouse,1
The asset coordination [REDACTED] [REDACTED] safehouse,1
deployment [REDACTED] completed,0
[REDACTED] execution [REDACTED] at rendezvous,1
Encrypted [REDACTED] operation scheduled at safehouse,1
The [REDACTED] strategy finalized [REDACTED] [REDACTED],1
[REDACTED] deployment check completed,0
Standard [REDACTED] update shared,0
[REDACTED] [REDACTED] communication processed,0
The asset confidential [REDACTED] shared at rendezvous,1
The asset [REDACTED] discussed at sector 7,1
The liaison coordinated meeting [REDACTED] rendezvous,1
[REDACTED] [REDACTED] planned at checkpoint,1
[REDACTED] [REDACTED] [REDACTED] set at sector 7,1
Regular [REDACTED] update documented,0
The [REDACTED] coordinated meeting at checkpoint,1
Encrypted strategy communication arranged [REDACTED] [REDACTED],1
The agent strategy finalized [REDACTED] location [REDACTED],1
The agent deployment scheduled at sector [REDACTED],1
Routine tactical documentation [REDACTED],0
[REDACTED] [REDACTED] summary documented,0
[REDACTED] status report [REDACTED],0
The contact [REDACTED] finalized at safehouse,1
[REDACTED] meeting communication processed,0
strategy [REDACTED] meeting set at [REDACTED],1
Routine coordination update [REDACTED],0
[REDACTED] mission communication processed,0
[REDACTED] [REDACTED] confidential update shared at rendezvous,1
[REDACTED] daily [REDACTED] submitted,0
meeting [REDACTED] archived successfully,0
[REDACTED] agent confidential update [REDACTED] [REDACTED] safehouse,1
[REDACTED] [REDACTED] [REDACTED] scheduled at location alpha,1
[REDACTED] coordination [REDACTED] completed,0
[REDACTED] tactical discussion planned [REDACTED] hq,1
The commander discussed [REDACTED] at safehouse,1
Hidden meeting movement [REDACTED] [REDACTED] [REDACTED],1
[REDACTED] update meeting arranged at checkpoint,1
[REDACTED] [REDACTED] planned [REDACTED] location alpha,1
[REDACTED] mission communication arranged at [REDACTED],1
[REDACTED] [REDACTED] deployment scheduled at [REDACTED],1
[REDACTED] system maintenance [REDACTED],0
[REDACTED] deployment [REDACTED] shared,0
meeting [REDACTED] completed,0
[REDACTED] commander [REDACTED] [REDACTED] at sector 7,1
Secret [REDACTED] meeting arranged at rendezvous,1
[REDACTED] meeting [REDACTED] recorded,0
[REDACTED] execution planned at safehouse,1
Encrypted tactical [REDACTED] arranged at sector 7,1
Standard [REDACTED] update [REDACTED],0
tactical [REDACTED] maintenance logged,0
Confidential tactical [REDACTED] planned at [REDACTED],1
Encrypted operation communication arranged at [REDACTED],1
[REDACTED] tactical communication processed,0
[REDACTED] exchange arranged at hq,1
Regular meeting [REDACTED] documented,0
The [REDACTED] activity confirmed at hq,1
[REDACTED] strategy meeting held at sector 7,1
Routine [REDACTED] update [REDACTED],0
meeting [REDACTED] planned at hq,1
strategy [REDACTED] log [REDACTED],0
coordination execution [REDACTED] at location alpha,1
Routine [REDACTED] update [REDACTED],0
Regular meeting update [REDACTED],0
update [REDACTED] [REDACTED] held [REDACTED] hq,1
deployment [REDACTED] archived successfully,0
Regular [REDACTED] [REDACTED] documented,0
The team coordinated [REDACTED] at rendezvous,1
[REDACTED] [REDACTED] deployment scheduled at rendezvous,1
Regular [REDACTED] [REDACTED] documented,0
[REDACTED] agent preparation [REDACTED] at [REDACTED],1
[REDACTED] commander task assigned at [REDACTED],1
[REDACTED] [REDACTED] coordinated mission at location [REDACTED],1
[REDACTED] commander [REDACTED] finalized at checkpoint,1
meeting [REDACTED] completed,0
[REDACTED] [REDACTED] [REDACTED] planned at sector 7,1
[REDACTED] deployment discussion planned [REDACTED] location alpha,1
The commander coordination discussed [REDACTED] hq,1
[REDACTED] [REDACTED] update completed,0
strategy [REDACTED] [REDACTED] logged,0
Regular [REDACTED] schedule [REDACTED],0
Routine [REDACTED] [REDACTED] completed,0
meeting [REDACTED] log recorded,0
The team task [REDACTED] at rendezvous,1
[REDACTED] strategy operation at [REDACTED],1
Routine operation [REDACTED] completed,0
Routine [REDACTED] update [REDACTED],0
operation [REDACTED] maintenance logged,0
coordination execution planned at location [REDACTED],1
The team discussed meeting at [REDACTED] [REDACTED],1
tactical [REDACTED] archived successfully,0
The team strategy [REDACTED] at rendezvous,1
[REDACTED] mission [REDACTED] completed,0
[REDACTED] [REDACTED] communication processed,0
[REDACTED] [REDACTED] update completed,0
[REDACTED] status report [REDACTED],0
[REDACTED] system maintenance logged,0
[REDACTED] update [REDACTED] processed,0
[REDACTED] report [REDACTED] successfully,0
strategy service log [REDACTED],0
strategy execution planned [REDACTED] [REDACTED] [REDACTED],1
[REDACTED] [REDACTED] update completed,0
Standard mission update [REDACTED],0
Regular strategy update [REDACTED],0
[REDACTED] [REDACTED] archived successfully,0
Secure [REDACTED] briefing [REDACTED] at [REDACTED] alpha,1
[REDACTED] internal report completed,0
Encrypted operation [REDACTED] scheduled at [REDACTED] [REDACTED],1
[REDACTED] deployment communication [REDACTED],0
meeting meeting [REDACTED] [REDACTED],0
[REDACTED] meeting summary recorded,0
[REDACTED] commander [REDACTED] [REDACTED] at checkpoint,1
Routine tactical meeting [REDACTED],0
[REDACTED] mission [REDACTED] documented,0
[REDACTED] liaison activity confirmed [REDACTED] hq,1
Regular [REDACTED] [REDACTED] submitted,0
The liaison preparation finalized at [REDACTED],1
mission service [REDACTED] recorded,0
[REDACTED] [REDACTED] arranged at location [REDACTED],1
update [REDACTED] completed,0
Routine [REDACTED] [REDACTED] updated,0
strategy service [REDACTED] [REDACTED],0
Hidden [REDACTED] movement planned at checkpoint,1
Routine deployment documentation [REDACTED],0
The asset task assigned [REDACTED] hq,1
[REDACTED] coordination discussion [REDACTED] [REDACTED] checkpoint,1
[REDACTED] agent coordination discussed at rendezvous,1
The [REDACTED] [REDACTED] finalized [REDACTED] hq,1
Routine [REDACTED] update completed,0
[REDACTED] commander confidential [REDACTED] shared at rendezvous,1
[REDACTED] liaison discussed tactical [REDACTED] [REDACTED],1
Hidden [REDACTED] [REDACTED] planned at checkpoint,1
Secret update meeting arranged at [REDACTED],1
Regular deployment [REDACTED] [REDACTED],0
Routine [REDACTED] documentation updated,0
tactical [REDACTED] meeting [REDACTED] at [REDACTED],1
Planned [REDACTED] operation at location alpha,1
[REDACTED] administrative update recorded,0
tactical [REDACTED] meeting [REDACTED] [REDACTED] rendezvous,1
Secure strategy [REDACTED] [REDACTED] [REDACTED] safehouse,1
[REDACTED] system [REDACTED] logged,0
[REDACTED] [REDACTED] confidential update [REDACTED] at hq,1
[REDACTED] [REDACTED] [REDACTED] planned at location alpha,1
Regular coordination summary [REDACTED],0
[REDACTED] [REDACTED] communication logged,0
tactical meeting [REDACTED] recorded,0
operation maintenance [REDACTED],0
Routine meeting [REDACTED] [REDACTED],0
Routine meeting documentation [REDACTED],0
[REDACTED] [REDACTED] strategy [REDACTED] at sector 7,1
Hidden strategy [REDACTED] planned at rendezvous,1
Hidden operation movement [REDACTED] [REDACTED] location [REDACTED],1
[REDACTED] administrative update recorded,0
meeting [REDACTED] report [REDACTED],0
Hidden operation movement [REDACTED] at checkpoint,1
[REDACTED] [REDACTED] deployment scheduled at location alpha,1
[REDACTED] [REDACTED] strategy finalized at [REDACTED],1
Regular meeting [REDACTED] submitted,0
[REDACTED] exchange [REDACTED] at safehouse,1
[REDACTED] deployment documentation updated,0
tactical status [REDACTED] archived,0
[REDACTED] [REDACTED] [REDACTED] at sector 7,1
[REDACTED] update [REDACTED] documented,0
[REDACTED] internal [REDACTED] completed,0
deployment daily report [REDACTED],0
Regular deployment [REDACTED] [REDACTED],0
[REDACTED] [REDACTED] summary documented,0
[REDACTED] [REDACTED] [REDACTED] planned at rendezvous,1
The [REDACTED] deployment scheduled at safehouse,1
[REDACTED] meeting [REDACTED] recorded,0
The [REDACTED] deployment scheduled at checkpoint,1
Encrypted [REDACTED] [REDACTED] [REDACTED] at hq,1
[REDACTED] service log recorded,0
[REDACTED] update update [REDACTED],0
The commander coordination discussed at sector [REDACTED],1
[REDACTED] maintenance completed,0
Secure [REDACTED] briefing planned at sector 7,1
operation daily report [REDACTED],0
[REDACTED] system [REDACTED] logged,0
[REDACTED] [REDACTED] meeting [REDACTED] at safehouse,1
Routine meeting [REDACTED] completed,0
Routine [REDACTED] [REDACTED] processed,0
The contact [REDACTED] deployment [REDACTED] [REDACTED],1
Standard meeting update [REDACTED],0
Regular operation update [REDACTED],0
The commander discussed [REDACTED] at sector 7,1
Secure update [REDACTED] planned at location alpha,1
[REDACTED] asset coordination discussed at checkpoint,1
The commander [REDACTED] [REDACTED] at [REDACTED],1
[REDACTED] internal report [REDACTED],0
Routine meeting [REDACTED] [REDACTED],0
The team coordinated tactical [REDACTED] location alpha,1
The commander discussed [REDACTED] at sector 7,1
[REDACTED] operation update shared,0
Routine [REDACTED] documentation updated,0
[REDACTED] report archived [REDACTED],0
[REDACTED] tactical communication arranged [REDACTED] sector 7,1
[REDACTED] team [REDACTED] deployment at [REDACTED],1
The commander strategy finalized at [REDACTED],1
Routine [REDACTED] [REDACTED] processed,0
[REDACTED] meeting briefing [REDACTED] at safehouse,1
[REDACTED] mission operation at rendezvous,1
The agent preparation [REDACTED] at [REDACTED] 7,1
[REDACTED] [REDACTED] coordination [REDACTED] at checkpoint,1
Encrypted update communication [REDACTED] [REDACTED] rendezvous,1
Confidential operation discussion planned [REDACTED] location alpha,1
The contact [REDACTED] tactical [REDACTED] location alpha,1
update [REDACTED] report [REDACTED],0
[REDACTED] agent [REDACTED] finalized at location alpha,1
[REDACTED] meeting briefing [REDACTED] at [REDACTED],1
[REDACTED] [REDACTED] summary documented,0
The liaison [REDACTED] update shared at rendezvous,1
[REDACTED] [REDACTED] update documented,0
update administrative [REDACTED] recorded,0
Secure update briefing [REDACTED] [REDACTED] location alpha,1
Secret [REDACTED] [REDACTED] arranged [REDACTED] rendezvous,1
[REDACTED] [REDACTED] update recorded,0
Routine [REDACTED] documentation [REDACTED],0
update [REDACTED] completed,0
deployment routine [REDACTED] logged,0
strategy service log [REDACTED],0
[REDACTED] coordination communication processed,0
deployment administrative [REDACTED] recorded,0
mission [REDACTED] maintenance logged,0
Routine operation [REDACTED] completed,0
The liaison coordinated [REDACTED] at rendezvous,1
The liaison task [REDACTED] [REDACTED] checkpoint,1
Standard update [REDACTED] [REDACTED],0
Routine strategy [REDACTED] processed,0
strategy [REDACTED] archived successfully,0
mission daily report [REDACTED],0
Encrypted mission communication [REDACTED] at rendezvous,1
mission [REDACTED] planned at hq,1
[REDACTED] tactical update documented,0
Regular [REDACTED] [REDACTED] confirmed,0
The [REDACTED] discussed deployment [REDACTED] location [REDACTED],1
[REDACTED] [REDACTED] update shared,0
[REDACTED] mission summary documented,0
[REDACTED] tactical [REDACTED] scheduled at location [REDACTED],1
Standard strategy update [REDACTED],0
[REDACTED] deployment meeting completed,0
coordination [REDACTED] meeting set at safehouse,1
[REDACTED] liaison coordination discussed at [REDACTED],1
Routine [REDACTED] check completed,0
Routine [REDACTED] update completed,0
Planned [REDACTED] operation at safehouse,1
[REDACTED] asset strategy finalized at sector [REDACTED],1
meeting exchange arranged at [REDACTED] 7,1
Encrypted [REDACTED] operation scheduled [REDACTED] [REDACTED] alpha,1
[REDACTED] [REDACTED] discussion planned at sector 7,1
[REDACTED] strategy meeting completed,0
[REDACTED] mission [REDACTED] arranged [REDACTED] safehouse,1
[REDACTED] liaison confidential update shared at safehouse,1
[REDACTED] status report archived,0
[REDACTED] status report archived,0
The team activity confirmed [REDACTED] safehouse,1
Planned update operation at [REDACTED],1
strategy [REDACTED] summary recorded,0
The commander [REDACTED] [REDACTED] at [REDACTED],1
deployment maintenance [REDACTED],0
Routine mission [REDACTED] updated,0
[REDACTED] execution planned at safehouse,1
[REDACTED] daily report [REDACTED],0
[REDACTED] [REDACTED] report archived,0
coordination administrative [REDACTED] [REDACTED],0
Routine [REDACTED] check completed,0
The liaison [REDACTED] [REDACTED] [REDACTED] safehouse,1
The team activity confirmed [REDACTED] [REDACTED],1
Routine coordination documentation [REDACTED],0
Encrypted operation communication [REDACTED] at [REDACTED] alpha,1
The [REDACTED] confidential update shared at [REDACTED],1
operation [REDACTED] meeting held at location [REDACTED],1
Standard coordination [REDACTED] shared,0
Routine strategy [REDACTED] [REDACTED],0
[REDACTED] strategy discussion planned [REDACTED] [REDACTED],1
Confidential deployment [REDACTED] planned at hq,1
[REDACTED] mission operation scheduled [REDACTED] sector [REDACTED],1
coordination [REDACTED] summary [REDACTED],0
[REDACTED] tactical [REDACTED] updated,0
The [REDACTED] activity [REDACTED] at [REDACTED],1
mission status [REDACTED] [REDACTED],0
strategy meeting [REDACTED] [REDACTED],0
[REDACTED] contact [REDACTED] [REDACTED] at hq,1
[REDACTED] deployment communication arranged [REDACTED] [REDACTED],1
Encrypted meeting communication [REDACTED] at checkpoint,1
The [REDACTED] coordination discussed at [REDACTED],1
[REDACTED] [REDACTED] summary recorded,0
[REDACTED] deployment communication [REDACTED] [REDACTED] safehouse,1
Secret coordination meeting arranged at [REDACTED] 7,1
